{
  "timestamp": 1764459480.686975,
  "num_requests": 100,
  "total_time": 0.1704421043395996,
  "success_rate": 100.0,
  "requests_per_second": 586.7094893451543,
  "latency_stats": {
    "mean": 0.09498600006103515,
    "median": 0.09494757652282715,
    "min": 0.027094125747680664,
    "max": 0.15972590446472168,
    "stdev": 0.03824473572504412,
    "p95": 0.15429997444152832,
    "p99": 0.15972590446472168
  },
  "success_count": 100,
  "failure_count": 0,
  "failures": []
}