feature,coefficient
bid_ask_spread,0.22328897774066211
trade_intensity,-0.017902554229972403
midprice_return_std,3.675091238067638e-05
order_book_imbalance,-4.560949071046668e-06
midprice_return_mean,-4.2631637528080516e-06
